id,m,p,n
1.0,0.02762619475451454,0.4900662251655629,604.0
2.0,1.2200977275914013,0.07579787234042554,752.0
3.0,0.5362453291364617,0.30268199233716475,522.0
4.0,0.16007294067651073,0.444141689373297,734.0
5.0,1.2538181471273189,0.05813953488372093,688.0
6.0,-0.009904367381691223,0.5036101083032491,554.0
7.0,0.9006031024932083,0.19855967078189302,972.0
8.0,-0.711769978772886,0.7464424320827943,773.0
9.0,0.9221116164533391,0.17553956834532375,695.0
10.0,0.6424369364020437,0.2727272727272727,671.0
11.0,-0.4362310848459347,0.6619433198380567,494.0
12.0,0.5922417224513667,0.2844364937388193,559.0
13.0,0.025406788315371576,0.49113233287858116,733.0
14.0,1.0822472011518711,0.11424100156494522,639.0
15.0,1.0634900253974704,0.1067193675889328,506.0
16.0,0.6463927716961583,0.25565610859728505,442.0
17.0,-0.3388943987434511,0.6218905472636815,603.0
18.0,-0.4453792814259567,0.6600660066006601,606.0
19.0,0.024390772198433844,0.49113475177304966,564.0
20.0,1.134266483900492,0.055865921787709494,358.0
21.0,0.8915578957910013,0.13793103448275862,290.0
22.0,-0.09161840057304729,0.5343347639484979,466.0
23.0,0.7596617607474893,0.22262773722627738,548.0
24.0,0.7472162408469466,0.1958041958041958,286.0
25.0,1.03462788095419,0.10961968680089486,447.0
26.0,0.5802660787097847,0.27764127764127766,407.0
27.0,1.2763341080560966,0.0,357.0
28.0,1.2600798157964976,0.05473372781065089,676.0
29.0,1.0182311575076846,0.12248995983935743,498.0
30.0,0.9334876448558838,0.1617391304347826,575.0
31.0,0.18625813823759982,0.43288590604026844,596.0
32.0,0.14496327128530084,0.44029850746268656,268.0
33.0,0.12019754501575716,0.4581081081081081,740.0
34.0,-0.3648375561484653,0.6332116788321168,548.0
35.0,1.0706744833947792,0.11051693404634581,561.0
36.0,-0.5163776797948025,0.7048192771084337,332.0
37.0,0.749689006406339,0.22986577181208054,596.0
38.0,-0.2716516719025196,0.6003937007874016,508.0
39.0,0.8036468710447815,0.22875816993464052,918.0
40.0,0.7209700067242091,0.23867595818815332,574.0
41.0,1.2951044508282747,0.06357758620689655,928.0
42.0,1.279354285266583,0.0,362.0
43.0,0.7959440427893626,0.20212765957446807,470.0
44.0,0.8218742398100078,0.18850574712643678,435.0
45.0,0.5956420981275894,0.2647058823529412,340.0
46.0,0.6681561312581791,0.22661870503597123,278.0
47.0,0.6781624254068028,0.25,516.0
48.0,0.9622691764992196,0.13170731707317074,410.0
49.0,0.9365908664733863,0.15630885122410546,531.0
50.0,1.1624084572705367,0.06437768240343347,466.0
51.0,0.5313469282166177,0.30570902394106814,543.0
52.0,0.9543671710615147,0.13054830287206268,383.0
53.0,1.1206474690248789,0.06284153005464481,366.0
54.0,0.7753332384383915,0.17938931297709923,262.0
55.0,-0.29562996671012404,0.6192052980132451,302.0
56.0,0.8489164250576008,0.16759776536312848,358.0
57.0,0.03459360850212465,0.4854771784232365,241.0
58.0,-0.7133751471072276,0.7793296089385475,358.0
59.0,-0.6075504780301336,0.7435897435897436,312.0
60.0,0.27118072290411904,0.4,515.0
61.0,-0.49592699609758306,0.725,160.0
62.0,-0.06295897429391216,0.5240384615384616,416.0
63.0,0.43926839136355406,0.3425324675324675,616.0
64.0,-0.747209603875978,0.7927170868347339,357.0
65.0,0.3203469293627977,0.3448275862068966,116.0
66.0,0.7062224150134802,0.21987951807228914,332.0
67.0,-0.21603160412302894,0.5884476534296029,277.0
68.0,1.036598908848013,0.09562841530054644,366.0
69.0,0.8744662814048701,0.176,500.0
70.0,1.1026952563577042,0.1050080775444265,619.0
71.0,0.9150076233247872,0.16173570019723865,507.0
72.0,-0.6949702849372866,0.7587628865979381,485.0
73.0,0.3236556693622433,0.37362637362637363,364.0
74.0,0.5066992590726773,0.3027027027027027,370.0
75.0,0.8641386229699184,0.14339622641509434,265.0
76.0,-0.10631305172245928,0.5421686746987951,332.0
77.0,0.5306051455864447,0.2788844621513944,251.0
78.0,0.3517016525042209,0.37460815047021945,638.0
79.0,0.25187217657266914,0.3979591836734694,294.0
81.0,0.5573513347900175,0.2857142857142857,399.0
82.0,0.23246113836846882,0.4124168514412417,451.0
83.0,0.35676581698492965,0.34375,192.0
84.0,0.8165160520301435,0.16483516483516483,273.0
86.0,1.1515980287102445,0.0,201.0
87.0,0.21207982630078123,0.4225865209471767,549.0
88.0,0.8043600528442235,0.18848167539267016,382.0
89.0,0.5331519199937438,0.3197353914002205,907.0
91.0,0.018576718061313918,0.49230769230769234,260.0
92.0,1.0122609724245208,0.11502347417840375,426.0
95.0,0.17537299440868384,0.42748091603053434,262.0
96.0,0.842818075525139,0.19630872483221476,596.0
97.0,0.6814072089338945,0.24336283185840707,452.0
99.0,0.6384792890576054,0.2603036876355748,461.0
101.0,0.7053211548088237,0.22123893805309736,339.0
103.0,0.9172261469431069,0.1475,400.0
104.0,0.7791769255008151,0.1752988047808765,251.0
105.0,-0.573359550106264,0.7247191011235955,356.0
107.0,0.45289736265003017,0.3371900826446281,605.0
113.0,0.536232474334233,0.302504816955684,519.0
116.0,-0.07959486137169197,0.532608695652174,276.0
122.0,0.5108582911418031,0.3071748878923767,446.0
124.0,-0.5705263455155625,0.7251461988304093,342.0
129.0,0.7886402916420275,0.17793594306049823,281.0
130.0,0.4227663017028178,0.31981981981981983,222.0
132.0,0.8805041947087323,0.15555555555555556,360.0
133.0,0.1398532817304902,0.4396135265700483,207.0
134.0,0.5747448758689894,0.27548209366391185,363.0
135.0,-0.3923029697911732,0.6422338568935427,573.0
136.0,1.3473025994667844,0.0,495.0
138.0,-0.24881897858137444,0.5982404692082112,341.0
140.0,1.007548115816078,0.08365019011406843,263.0
143.0,0.38330552958908826,0.33636363636363636,220.0
144.0,0.5124226595160596,0.2694610778443114,167.0
145.0,0.8880833713158214,0.17391304347826086,529.0
147.0,-0.11470758395354946,0.5439024390243903,410.0
149.0,0.13106338846330937,0.4487534626038781,361.0
152.0,0.37219401658099915,0.3644524236983842,557.0
157.0,1.0145218407711771,0.0784313725490196,255.0
160.0,0.9190242475808948,0.11646586345381527,249.0
163.0,0.43793181530652003,0.3325242718446602,412.0
167.0,0.33643359147174035,0.35918367346938773,245.0
168.0,-0.33441189934022864,0.6343042071197411,309.0
174.0,0.4814059861652351,0.3050847457627119,295.0
175.0,0.2894573568224485,0.3921161825726141,482.0
177.0,-0.4289037634803007,0.7007299270072993,137.0
191.0,-0.6152106749990514,0.7771084337349398,166.0
199.0,0.504022371642408,0.2939068100358423,279.0
204.0,0.7826052616718931,0.20449438202247192,445.0
206.0,0.5179372729238707,0.3075356415478615,491.0
209.0,0.5349658043470013,0.25903614457831325,166.0
216.0,0.6590053512722915,0.23548387096774193,310.0
222.0,-0.8414526415585662,0.8274932614555256,371.0
225.0,0.9433207170187267,0.13670886075949368,395.0
226.0,-0.30773762662478465,0.6160714285714286,448.0
238.0,0.8378070215172377,0.13725490196078433,204.0
239.0,0.17214865563487666,0.4316109422492401,329.0
240.0,0.6531149502675062,0.24277456647398843,346.0
247.0,0.5138622041687645,0.29607250755287007,331.0
251.0,-0.09230157600457031,0.5381679389312977,262.0
287.0,0.3966415380516462,0.3485576923076923,416.0
296.0,0.7661466477559997,0.22408026755852842,598.0
300.0,-0.9206759518233917,0.8360655737704918,549.0
365.0,0.5145787880454812,0.30504587155963303,436.0
371.0,0.5660568487804428,0.2912621359223301,515.0
372.0,-0.5806360466205142,0.7553191489361702,188.0
511.0,0.846812460368036,0.17027027027027028,370.0
662.0,0.9612827778798634,0.12430939226519337,362.0
784.0,0.6998794652999176,0.2235294117647059,340.0
785.0,1.0050827628726973,0.08928571428571429,280.0
795.0,0.6384471571335063,0.2689655172413793,580.0
813.0,0.8060412509492593,0.21351766513056836,651.0
842.0,-0.0516619770334728,0.518348623853211,654.0
864.0,0.5162635892100792,0.30288461538461536,416.0
865.0,0.9723296247631122,0.13548387096774195,465.0
874.0,0.9330097550010439,0.13535911602209943,362.0
875.0,1.224416764361381,0.0549645390070922,564.0
876.0,0.842439581241507,0.19439579684763572,571.0
878.0,1.0105569113802793,0.1430678466076696,678.0
898.0,-0.06282798839756124,0.5247813411078717,343.0
900.0,-0.30579968546099995,0.6145610278372591,467.0
924.0,0.08327326140178913,0.4659498207885305,279.0
929.0,0.6429320500217478,0.24193548387096775,310.0
940.0,-0.18001697464983782,0.5692695214105793,397.0
1009.0,0.8300452441427961,0.20754716981132076,689.0
1011.0,1.2714127134795898,0.0,349.0
1018.0,1.067181033318527,0.09777777777777778,450.0
1031.0,-0.3797218375563383,0.65,340.0
1032.0,0.39758377255007005,0.34739454094292804,403.0
1054.0,0.6412395968142277,0.2564102564102564,429.0
1058.0,0.6205751051432168,0.2613065326633166,398.0
1087.0,0.5946331151956508,0.2725060827250608,411.0
1097.0,0.5625655437690293,0.27419354838709675,310.0
1104.0,0.9582765566729148,0.1079136690647482,278.0
1106.0,-0.16367462799449523,0.5649546827794562,331.0
1111.0,1.017117324170277,0.15162454873646208,831.0
1123.0,1.0042990431417786,0.17302798982188294,1179.0
1127.0,0.28784108040484563,0.3803921568627451,255.0
1134.0,-0.819435574327348,0.8390804597701149,261.0
1136.0,1.0806913845847754,0.07331378299120235,341.0
1137.0,0.9977925584261681,0.09836065573770492,305.0
1141.0,0.07893287956472077,0.4707070707070707,495.0
1152.0,0.8537056411638444,0.13270142180094788,211.0
1187.0,0.28648986088788686,0.39198218262806234,449.0
1190.0,-0.04516007315785706,0.5173267326732673,404.0
1204.0,-0.38699030949604135,0.6494845360824743,388.0
1215.0,1.2559416804894372,0.0,325.0
1219.0,0.46916998522970865,0.33799237611181704,787.0
1226.0,1.06078155962832,0.13647342995169082,828.0
1227.0,0.7321174024214805,0.24289772727272727,704.0
1235.0,0.4875637620640824,0.33208489388264667,801.0
1241.0,-0.32280322963708896,0.6197183098591549,497.0
1243.0,0.2816908120887293,0.3817427385892116,241.0
1266.0,-0.503032658905898,0.6897321428571429,448.0
1284.0,-0.2580928618140056,0.5909752547307132,687.0
1285.0,1.0804659675072474,0.08136482939632546,381.0
1286.0,1.0443535264394963,0.06844106463878327,263.0
1287.0,0.4458514734299573,0.3429811866859624,691.0
1288.0,0.8323961644145458,0.14893617021276595,235.0
1289.0,1.041433398734622,0.060085836909871244,233.0
1290.0,0.8615697482013362,0.1474820143884892,278.0
1291.0,0.6438359908858045,0.21264367816091953,174.0
1292.0,-0.7257764734357037,0.7630662020905923,574.0
1293.0,0.9191087469769529,0.07534246575342465,146.0
1294.0,-0.004461836349891479,0.5018315018315018,273.0
1295.0,1.1027043723773435,0.0676056338028169,355.0
1296.0,-0.2747900852663492,0.6070460704607046,369.0
1297.0,0.9948963335897968,0.0931899641577061,279.0
1298.0,0.5944032988986094,0.2196969696969697,132.0
1299.0,0.741562021521675,0.20317460317460317,315.0
1300.0,0.8924393099745094,0.0915032679738562,153.0
1301.0,1.3760242239097193,0.0,565.0
1302.0,-0.389197046444379,0.6398026315789473,608.0
1303.0,1.1056098666158698,0.06989247311827956,372.0
1305.0,-0.42999283845699526,0.6719242902208202,317.0
1306.0,0.8354727033823702,0.13793103448275862,203.0
1307.0,1.0134983114300198,0.07017543859649122,228.0
1309.0,0.9024967624823172,0.12083333333333333,240.0
1310.0,0.695513660273537,0.23015873015873015,378.0
1311.0,0.94863365932928,0.10084033613445378,238.0
1313.0,0.8844594316740565,0.1134020618556701,194.0
1314.0,0.5844435869918068,0.25112107623318386,223.0
1315.0,-0.5278976088593482,0.7067039106145251,358.0
1316.0,-0.0846646862804947,0.546875,64.0
1317.0,0.6702759816358711,0.239247311827957,372.0
1318.0,1.0552948551496244,0.0,129.0
1319.0,1.0965622991772308,0.0,156.0
1321.0,0.41303001208676154,0.24390243902439024,41.0
1322.0,0.8,0.1,100.0
1323.0,0.3774438023414501,0.32,125.0
1324.0,0.7612359947967775,0.1,80.0
1325.0,0.9097719677709344,0.0,66.0
1326.0,0.9397315306461231,0.06338028169014084,142.0
1327.0,-0.4266913019341061,0.7142857142857143,98.0
1328.0,0.06104549886448622,0.47058823529411764,119.0
1329.0,0.3454167682323716,0.32653061224489793,98.0
1330.0,0.662762057659393,0.22968197879858657,283.0
1331.0,1.0613784473702397,0.06896551724137931,290.0
1332.0,1.189588840463061,0.05387931034482758,464.0
1333.0,-0.4727457314529812,0.6855524079320113,353.0
1334.0,1.327569217405691,0.0,452.0
1335.0,0.8477969631830422,0.15037593984962405,266.0
1337.0,-0.35182241114754703,0.6338028169014085,426.0
1338.0,1.395494237544408,0.0,618.0
1339.0,0.32063189296960015,0.3810483870967742,496.0
1340.0,-0.012762485343290844,0.5068493150684932,73.0
1341.0,0.8575679519206548,0.10897435897435898,156.0
1342.0,1.0685235149168935,0.10905730129390019,541.0
1344.0,0.5575137842923786,0.21875,96.0
1345.0,1.179068296519844,0.05429864253393665,442.0
1346.0,0.7612359947967775,0.1,80.0
1347.0,-0.9046268118605151,0.8407079646017699,452.0
1348.0,0.5045883417670758,0.30423280423280424,378.0
1349.0,0.6490959281504595,0.140625,64.0
1350.0,0.9030222211789688,0.1608695652173913,460.0
1351.0,0.8167342277897933,0.0,43.0
1352.0,1.302113026542235,0.0,402.0
1353.0,1.0115084272161337,0.12210526315789473,475.0
1354.0,1.4879455682008964,0.0,946.0
1355.0,0.40879880511838,0.3008849557522124,113.0
1356.0,1.1079912327537693,0.05501618122977346,309.0
1357.0,-0.01899381925092546,0.5116279069767442,43.0
1358.0,1.0072491507146413,0.07142857142857142,224.0
1359.0,0.24169767252946345,0.40703517587939697,398.0
1360.0,0.12072829143060816,0.42857142857142855,49.0
1361.0,1.1485339868426363,0.05027932960893855,358.0
1362.0,0.5791418922457255,0.2543859649122807,228.0
1363.0,1.1129244810997283,0.09340659340659341,546.0
1364.0,1.2251245541596805,0.0,282.0
1365.0,0.9260148664507902,0.056910569105691054,123.0
1366.0,0.6605663925378118,0.1518987341772152,79.0
1367.0,0.8235516591341853,0.1414141414141414,198.0
1368.0,0.5024343041707787,0.19047619047619047,42.0
1369.0,0.2519506015758799,0.4055793991416309,466.0
1370.0,0.3850403338260052,0.27450980392156865,51.0
1371.0,0.6020599913279624,0.0,16.0
1372.0,1.202416858309969,0.0,254.0
1373.0,0.8701813447471219,0.0,55.0
1374.0,1.3944375578877084,0.0,615.0
1375.0,-0.5883789428747987,0.7121212121212122,594.0
1376.0,0.48929525586457595,0.29411764705882354,238.0
1377.0,0.25212916741234753,0.375,104.0
1378.0,1.3236914850573098,0.0,444.0
1379.0,0.3377751037782346,0.37681159420289856,552.0
1380.0,0.6967653898286906,0.23459715639810427,422.0
1381.0,0.6095459525303037,0.14814814814814814,54.0
1383.0,0.4225490200071284,0.0,7.0
1385.0,1.0226891266196796,0.10215053763440861,372.0
1397.0,0.9245745704744115,0.07042253521126761,142.0
1401.0,0.64692281626891,0.16470588235294117,85.0
1402.0,0.5842187358755196,0.2532188841201717,233.0
1405.0,0.8949041443220193,0.15776699029126215,412.0
1417.0,0.4490167992833788,0.2696629213483146,89.0
1421.0,0.5013057678071883,0.2936802973977695,269.0
1423.0,0.5507531332014804,0.15384615384615385,39.0
1433.0,0.5880456295278407,0.0,15.0
1451.0,-0.10595957595047259,0.5675675675675675,37.0
1470.0,0.47712125471966244,0.0,9.0
1476.0,0.8737012372936457,0.061224489795918366,98.0
1496.0,0.6020599913279624,0.0,16.0
1512.0,0.5175792156418522,0.125,24.0
1520.0,0.37807388811868436,0.29577464788732394,71.0
2818.0,0.9715831353661409,0.14545454545454545,550.0
2820.0,-0.06436118789737431,0.5275229357798165,218.0
2830.0,1.0040408220217172,0.13221601489757914,537.0
2831.0,0.977462513081833,0.08444444444444445,225.0
2832.0,1.1333990583164812,0.07910750507099391,493.0
2834.0,0.9881326795622225,0.10703363914373089,327.0
2835.0,0.6620298707842417,0.2260536398467433,261.0
2842.0,0.04843094475722176,0.481651376146789,436.0
2847.0,0.37875390993319846,0.3475409836065574,305.0
2851.0,-0.10369547496182076,0.5383104125736738,509.0
2879.0,1.0813020030974423,0.10676156583629894,562.0
2909.0,1.137214551584146,0.06403940886699508,406.0
2929.0,1.0142489103890602,0.11617312072892938,439.0
2930.0,1.0387256866744736,0.05803571428571429,224.0
3652.0,0.5880456295278407,0.0,15.0
3663.0,0.5880456295278407,0.0,15.0
3666.0,0.5123045056675454,0.25,112.0
3668.0,0.6449071168164127,0.1527777777777778,72.0
3671.0,0.5491729148818115,0.09090909090909091,22.0
3674.0,0.36673136502052683,0.3253968253968254,126.0
3677.0,0.3988702042694339,0.2558139534883721,43.0
3680.0,-0.1602059991327962,0.6,40.0
3684.0,0.2667137200149286,0.373015873015873,126.0
3686.0,0.7235790156711096,0.0,28.0
3687.0,0.23856062735983122,0.0,3.0
3688.0,0.6543340217770068,0.17757009345794392,107.0
3689.0,0.9915074259641389,0.05747126436781609,174.0
3691.0,0.9404067961403957,0.0,76.0
3692.0,0.5880456295278407,0.0,15.0
3693.0,0.1505149978319906,0.0,2.0
3695.0,0.42863389593590095,0.20689655172413793,29.0
3696.0,0.6997435470097262,0.1111111111111111,63.0
3699.0,0.573064017839119,0.0,14.0
3700.0,0.3010299956639812,0.0,4.0
3701.0,0.5395906230238124,0.0,12.0
3702.0,0.2032832257271868,0.4017094017094017,117.0
3703.0,1.1215190243431472,0.0,175.0
3705.0,0.8854260058210721,0.0,59.0
3706.0,0.5923064322944139,0.20754716981132076,106.0
3707.0,0.3010299956639812,0.0,4.0
3708.0,0.5238081026559924,0.21212121212121213,66.0
3710.0,0.8830920904289861,0.0594059405940594,101.0
3711.0,0.6989700043360189,0.0,25.0
3712.0,0.8531172569230848,0.09448818897637795,127.0
3713.0,0.8750017107387608,0.07692307692307693,117.0
3714.0,0.8434025582748743,0.07920792079207921,101.0
3715.0,1.0021606868913213,0.0,101.0
3716.0,0.4930247562121626,0.2318840579710145,69.0
3717.0,1.0105946495349691,0.0,105.0
3718.0,1.2385606273598313,0.0,300.0
3721.0,0.6611096473669597,0.0,21.0
3722.0,0.8111297547731642,0.08695652173913043,92.0
3723.0,0.8512142319327762,0.058823529411764705,85.0
3724.0,0.06101921276464575,0.45454545454545453,22.0
3725.0,0.3259257656195555,0.323943661971831,71.0
3726.0,0.20707008271062102,0.36363636363636365,33.0
3727.0,-0.04390155331993695,0.5245901639344263,61.0
3728.0,0.7006651725053257,0.11764705882352941,68.0
3729.0,1.0979498262046168,0.0,157.0
3730.0,0.5921728749444137,0.21367521367521367,117.0
3731.0,0.9225490200071285,0.0,70.0
3732.0,0.8372396754404478,0.15234375,256.0
3733.0,0.7687059972351008,0.16129032258064516,186.0
3734.0,0.6611096473669597,0.0,21.0
3735.0,0.6505149978319906,0.0,20.0
3736.0,0.9313774133547327,0.08522727272727272,176.0
3737.0,0.5601406397220635,0.2073170731707317,82.0
3738.0,0.3634644022547298,0.24,25.0
3739.0,1.0105946495349691,0.0,105.0
3740.0,0.712523280088846,0.12,75.0
3741.0,0.9186709843977989,0.07894736842105263,152.0
3742.0,0.8512142319327762,0.058823529411764705,85.0
3743.0,0.9865260764132032,0.06486486486486487,185.0
3744.0,0.6393768004764144,0.0,19.0
3745.0,0.4497049887248304,0.2537313432835821,67.0
3746.0,0.7027713122842407,0.06976744186046512,43.0
3747.0,0.6042243934108683,0.1958762886597938,97.0
3748.0,0.7684387150482608,0.10869565217391304,92.0
3749.0,0.6494639634439574,0.06451612903225806,31.0
3750.0,0.3850403338260052,0.27450980392156865,51.0
3751.0,0.8364347922245934,0.06172839506172839,81.0
3752.0,1.0467108425811176,0.0,124.0
3753.0,0.34948500216800943,0.0,5.0
3754.0,0.02650673637331462,0.48148148148148145,27.0
3755.0,0.32653231107018876,0.2692307692307692,26.0
3756.0,-0.09365293001818936,0.5535714285714286,56.0
3757.0,0.6152244606891369,0.0,17.0
3758.0,0.8563904941463746,0.05,80.0
3759.0,1.0126529326323852,0.0,106.0
3760.0,0.9049151385900643,0.06086956521739131,115.0
3761.0,0.5743118404480857,0.1917808219178082,73.0
3762.0,1.0431799153373742,0.0,122.0
3763.0,1.2212398845322243,0.0,277.0
3764.0,0.573064017839119,0.0,14.0
3765.0,0.45154499349597177,0.0,8.0
3766.0,0.8128245980795114,0.057971014492753624,69.0
3767.0,0.6989700043360189,0.0,25.0
3768.0,0.36688030721547704,0.296875,64.0
3769.0,1.065166884247503,0.0,135.0
3770.0,0.4553108758814726,0.2846153846153846,130.0
3771.0,0.05120545706871769,0.4742268041237113,97.0
3772.0,0.5532470799707786,0.12903225806451613,31.0
3773.0,0.9865639267998493,0.0,94.0
3774.0,0.4901294087804737,0.2361111111111111,72.0
3775.0,0.8661968799114843,0.0,54.0
3776.0,0.7156818820794937,0.0,27.0
3777.0,0.483011640580399,0.24691358024691357,81.0
3778.0,0.6020599913279624,0.0,16.0
3779.0,0.34948500216800943,0.0,5.0
3780.0,0.8217263382430937,0.0,44.0
3781.0,0.09327495387797673,0.4492753623188406,69.0
3782.0,1.0821764278922186,0.0,146.0
3783.0,0.8965328849182044,0.0625,112.0
3784.0,0.8063919283598677,0.0,41.0
3785.0,1.018713248970312,0.0,109.0
3786.0,0.8538207944980675,0.06521739130434782,92.0
3787.0,0.7519863164539089,0.10256410256410256,78.0
3788.0,0.010241091413743493,0.4948453608247423,97.0
3789.0,0.37889832156708975,0.2972972972972973,74.0
3790.0,0.7408160049543288,0.1484375,128.0
3791.0,0.27735134442911236,0.3103448275862069,29.0
3792.0,0.6323461899720703,0.10256410256410256,39.0
3793.0,0.8184758492724299,0.11971830985915492,142.0
3794.0,1.0699395432006182,0.0,138.0
3795.0,0.5624528018333536,0.08695652173913043,23.0
3796.0,0.45154499349597177,0.0,8.0
3797.0,0.6393768004764144,0.0,19.0
3798.0,0.627636252551653,0.0,18.0
3799.0,0.8359996778528528,0.06896551724137931,87.0
3800.0,0.5206963425791125,0.0,11.0
3801.0,0.9230316594212353,0.10144927536231885,207.0
3802.0,0.9888618026444239,0.0,95.0
3803.0,1.2326914257242092,0.0,292.0
3804.0,0.8270706589607896,0.08823529411764706,102.0
3805.0,0.8168717662613425,0.07317073170731707,82.0
3806.0,1.123546378024564,0.05246913580246913,324.0
3807.0,0.9865639267998493,0.0,94.0
3808.0,0.47553687523444893,0.19444444444444445,36.0
3809.0,0.8487897696158533,0.1056338028169014,142.0
3810.0,0.9888618026444239,0.0,95.0
3811.0,0.34339407673336086,0.30357142857142855,56.0
3812.0,0.8085131923452406,0.10619469026548672,113.0
3813.0,0.45154499349597177,0.0,8.0
3814.0,0.9842414742769675,0.0,93.0
3815.0,0.6020599913279624,0.0,16.0
3816.0,0.6916900003410166,0.05555555555555555,36.0
3817.0,0.8285151857479023,0.07058823529411765,85.0
3818.0,0.6847578325088981,0.20297029702970298,202.0
3819.0,1.2172844520170993,0.0,272.0
3820.0,0.3064595971471276,0.3543307086614173,127.0
3821.0,0.8854260058210721,0.0,59.0
3822.0,0.6667442245102039,0.16129032258064516,93.0
3823.0,0.40109142537810427,0.31543624161073824,149.0
3824.0,0.630343964611619,0.06896551724137931,29.0
3825.0,0.5015998067117116,0.2413793103448276,87.0
3826.0,0.22438090611912168,0.358974358974359,39.0
3827.0,0.9404067961403957,0.0,76.0
3828.0,0.6712113404111031,0.0,22.0
3829.0,0.5750880173798358,0.08333333333333333,24.0
3830.0,0.45154499349597177,0.0,8.0
3831.0,0.7796960729224237,0.167420814479638,221.0
3832.0,0.23362033972523397,0.3916083916083916,143.0
3833.0,0.707486673985409,0.0,26.0
3834.0,0.8452458443954626,0.05194805194805195,77.0
3835.0,0.6677437711368693,0.13432835820895522,67.0
3836.0,-0.05644312418699647,0.53125,64.0
3837.0,0.9722413360750843,0.0,88.0
3838.0,0.9818939136727777,0.0,92.0
3839.0,0.9487574162342738,0.06164383561643835,146.0
3840.0,0.6611096473669597,0.0,21.0
3841.0,0.9142527656715125,0.064,125.0
3842.0,-0.2770348299108938,0.6177777777777778,225.0
3843.0,1.2745016310128938,0.0,354.0
3844.0,0.8854260058210721,0.0,59.0
3845.0,0.8063919283598677,0.0,41.0
3846.0,1.2477721687732242,0.0,313.0
3847.0,0.5880456295278407,0.0,15.0
3848.0,0.39421908244551457,0.312,125.0
3849.0,0.3890756251918218,0.0,6.0
3850.0,1.2172844520170993,0.0,272.0
3851.0,0.7192257454708513,0.16030534351145037,131.0
3852.0,0.5351840002494436,0.09523809523809523,21.0
3853.0,0.573064017839119,0.0,14.0
3854.0,0.6589635857193775,0.14285714285714285,70.0
3855.0,1.1487776604417412,0.06067961165048544,412.0
3856.0,0.7996848248523518,0.06944444444444445,72.0
3857.0,0.8909749529956871,0.05154639175257732,97.0
3858.0,0.5569716761534184,0.0,13.0
3859.0,0.45154499349597177,0.0,8.0
3860.0,0.9795206961605468,0.0,91.0
3861.0,0.7702966083114055,0.16230366492146597,191.0
3862.0,1.0126529326323852,0.0,106.0
3863.0,1.0880456295278407,0.0,150.0
3864.0,1.2449792397124173,0.0,309.0
3865.0,0.4748454812731356,0.20930232558139536,43.0
3866.0,1.0552948551496244,0.0,129.0
3867.0,0.5066992590726773,0.3027027027027027,370.0
3868.0,0.5168421540507926,0.14285714285714285,28.0
3869.0,0.4225490200071284,0.0,7.0
3870.0,0.8639529433630231,0.06315789473684211,95.0
3871.0,1.2124408183155335,0.0,266.0
3872.0,0.6611096473669597,0.0,21.0
3873.0,0.5569716761534184,0.0,13.0
3874.0,0.56251837901751,0.2,75.0
3875.0,1.138911625188243,0.05509641873278237,363.0
3876.0,0.8544936951314703,0.16666666666666666,366.0
3877.0,1.003105392489994,0.13009708737864079,515.0
3878.0,1.3705757994258925,0.0,551.0
3879.0,1.0803952605295757,0.06535947712418301,306.0
3880.0,0.12958848893620467,0.43209876543209874,81.0
3881.0,0.3450528104279015,0.25,24.0
3882.0,0.9952368406002511,0.07142857142857142,210.0
3883.0,1.2266591700235188,0.0,284.0
3884.0,0.8236828093982143,0.14746543778801843,217.0
3885.0,0.5395906230238124,0.0,12.0
3886.0,0.3890756251918218,0.0,6.0
3887.0,0.3010299956639812,0.0,4.0
3888.0,0.34948500216800943,0.0,5.0
3889.0,1.0748118524974928,0.08130081300813008,369.0
3890.0,0.5206963425791125,0.0,11.0
3891.0,0.5,0.0,10.0
3892.0,0.8393799851549617,0.14814814814814814,243.0
3893.0,0.9534057939839365,0.11688311688311688,308.0
3894.0,0.7514130410212381,0.19805194805194806,308.0
3895.0,1.192803136799156,0.0,243.0
3896.0,0.7657394585211276,0.0,34.0
3897.0,0.6275469311456038,0.15384615384615385,65.0
3898.0,0.9608805261844233,0.08121827411167512,197.0
3899.0,0.6393768004764144,0.0,19.0
3900.0,0.9330097550010439,0.13535911602209943,362.0
3901.0,0.7592569699389438,0.0,33.0
3902.0,-0.2916228082994818,0.62109375,256.0
3903.0,1.272653558232912,0.0,351.0
3904.0,1.3725373957910287,0.0,556.0
3905.0,1.146128035678238,0.0,196.0
3906.0,0.7293192784613236,0.06382978723404255,47.0
3908.0,0.4225490200071284,0.0,7.0
3909.0,0.47774765118004414,0.24675324675324675,77.0
3910.0,1.3251537615659683,0.0,447.0
3911.0,0.9377538450704673,0.14782608695652175,460.0
3912.0,1.110119980322241,0.05466237942122187,311.0
3913.0,1.2875939224638304,0.0,376.0
3914.0,0.7566487769069482,0.10126582278481013,79.0
3915.0,0.8285151857479023,0.07058823529411765,85.0
3916.0,1.077668018732531,0.0,143.0
3917.0,0.34948500216800943,0.0,5.0
3918.0,0.7353369983203082,0.22119815668202766,434.0
3919.0,1.0979498262046168,0.0,157.0
3920.0,1.115224460689137,0.0,170.0
3921.0,0.8961901967896556,0.14958448753462603,361.0
3922.0,1.0894884736465846,0.0,151.0
3923.0,1.2546012611655515,0.0,323.0
3924.0,1.0239583480704717,0.055,200.0
3925.0,0.831378915840787,0.0,46.0
3926.0,1.241436791804377,0.0,304.0
3927.0,1.1808639180087965,0.0,230.0
3928.0,1.0273471204902316,0.07575757575757576,264.0
3929.0,1.2470772970092214,0.0,312.0
3930.0,1.0667694541851087,0.0,136.0
3931.0,1.0635523991824039,0.0,134.0
3932.0,1.3733170994687893,0.0,558.0
3933.0,0.5,0.0,10.0
3934.0,0.6261811743736656,0.21893491124260356,169.0
3935.0,0.9883362821594153,0.06451612903225806,186.0
3936.0,1.2518953415285905,0.0,319.0
3937.0,1.086593134206137,0.0,149.0
3938.0,0.9064566783214277,0.0,65.0
3939.0,0.5491729148818115,0.09090909090909091,22.0
3940.0,0.6715039881239694,0.14814814814814814,81.0
3941.0,1.052290485577251,0.06691449814126393,269.0
3942.0,0.79166321123774,0.17869415807560138,291.0
3943.0,0.7226727389730029,0.2255813953488372,430.0
3944.0,0.7152841005073011,0.2200557103064067,359.0
3945.0,0.884915893591543,0.06481481481481481,108.0
3946.0,1.1223003107741072,0.05621301775147929,338.0
3947.0,-0.2628388930050311,0.6,425.0
3948.0,0.8386903906264869,0.18813905930470348,489.0
3949.0,0.848824233552848,0.16314199395770393,331.0
3950.0,-0.028937984812251464,0.5113636363636364,352.0
3951.0,1.0699395432006182,0.0,138.0
3952.0,1.0487820134323798,0.07142857142857142,280.0
3953.0,1.0246090113350907,0.0,112.0
3954.0,0.9404067961403957,0.0,76.0
3955.0,0.8116246451989503,0.0,42.0
3956.0,0.9156699868877025,0.14720812182741116,394.0
3957.0,1.0145991020495224,0.0743801652892562,242.0
3958.0,1.1954675535516897,0.0,246.0
3959.0,0.9531554831126503,0.060810810810810814,148.0
3960.0,1.02653922174171,0.0,113.0
3961.0,0.9251367212392779,0.12542372881355932,295.0
3962.0,-0.18143050452659226,0.5818181818181818,165.0
3963.0,0.11179489666732627,0.4482758620689655,145.0
3964.0,0.035676581698492964,0.484375,192.0
3965.0,0.474619912369111,0.32045454545454544,440.0
3966.0,0.7554368630359808,0.17857142857142858,224.0
3967.0,1.030348920176806,0.0,115.0
3968.0,1.085916914196885,0.08796296296296297,432.0
3969.0,0.9336784480055618,0.14705882352941177,442.0
3970.0,0.6172822775831788,0.267260579064588,449.0
3971.0,1.0323962320621392,0.07279693486590039,261.0
3972.0,1.0323394037034155,0.050505050505050504,198.0
3973.0,1.0395906230238123,0.0,120.0
3974.0,1.186130976032888,0.060240963855421686,498.0
3975.0,1.1686249059437446,0.0852359208523592,657.0
3976.0,0.8375273643149593,0.05333333333333334,75.0
3977.0,1.1730831782633981,0.05656108597285068,442.0
3978.0,1.3136829282963662,0.0,424.0
3979.0,1.1814653150233678,0.05518763796909492,453.0
3980.0,0.11511452153107415,0.4570230607966457,477.0
3981.0,1.152675684723312,0.0,202.0
3982.0,0.6770665864804472,0.21238938053097345,226.0
3983.0,1.3212322601210607,0.0,439.0
3984.0,1.298847592962756,0.0,396.0
3985.0,1.3689936631667154,0.0,547.0
3986.0,0.5645101986654187,0.2890295358649789,474.0
3987.0,1.0648388444270551,0.1329987452948557,797.0
3988.0,1.0944923553094457,0.06764705882352941,340.0
3989.0,1.1132966027627462,0.07106598984771574,394.0
3990.0,0.8646486554081331,0.1759656652360515,466.0
3991.0,1.2781512503836436,0.0,360.0
3992.0,1.1864560014850534,0.0,236.0
3993.0,0.1651414169813108,0.43333333333333335,300.0
3994.0,0.3028470364926655,0.38716356107660455,483.0
3995.0,1.1378853766163146,0.07221006564551423,457.0
3996.0,0.4678157803607155,0.275,120.0
3997.0,1.2799533125180562,0.0,363.0
3998.0,0.9395295521762341,0.08602150537634409,186.0
3999.0,1.2732713317390656,0.0,352.0
4001.0,0.6707034014890692,0.1388888888888889,72.0
4002.0,0.42579688264866855,0.3277027027027027,296.0
4003.0,0.9982759503309195,0.11586901763224182,397.0
4004.0,0.9816440886887858,0.08943089430894309,246.0
4005.0,0.9093476506613911,0.05454545454545454,110.0
4006.0,0.3226812198102857,0.3368421052631579,95.0
4007.0,0.9474817603961763,0.08421052631578947,190.0
4008.0,0.7239809193539468,0.19583333333333333,240.0
4009.0,-0.4605727904031147,0.6827794561933535,331.0
4010.0,1.0467108425811176,0.0,124.0
4011.0,1.024099523491835,0.06808510638297872,235.0
4012.0,0.8014495370746291,0.17037037037037037,270.0
4013.0,0.7131950401998318,0.22897196261682243,428.0
4014.0,0.8936653721954113,0.15404699738903394,383.0
4015.0,0.5672940497524194,0.2972972972972973,629.0
4016.0,1.3415235191194248,0.0,482.0
4017.0,1.1895537044187843,0.05,440.0
4018.0,0.11733327562304002,0.43661971830985913,71.0
4019.0,0.8264853050102481,0.14215686274509803,204.0
4020.0,0.7480922555070387,0.09722222222222222,72.0
4021.0,0.10234635510702493,0.4622823984526112,517.0
4022.0,1.3887134111946557,0.0,599.0
4023.0,1.0519018604779784,0.0,127.0
4024.0,0.869960679499605,0.18198529411764705,544.0
4025.0,1.1732768607450146,0.08229813664596274,644.0
4026.0,1.225893217762145,0.0,283.0
4027.0,1.1476281475798515,0.05042016806722689,357.0
4028.0,1.3494850021680094,0.0,500.0
4029.0,1.0643089863739374,0.058365758754863814,257.0
4030.0,-0.015329485969130217,0.5071428571428571,140.0
4031.0,1.1888080700405899,0.05011389521640091,439.0
4032.0,1.1946054664448653,0.06747404844290658,578.0
4033.0,0.24390576054642465,0.3964757709251101,227.0
4034.0,1.1060938022019788,0.0,163.0
4035.0,0.9407667313349365,0.05426356589147287,129.0
4036.0,0.9034853500173045,0.16393442622950818,488.0
4037.0,0.8332299535191363,0.17151162790697674,344.0
4038.0,0.5362337435145361,0.3002070393374741,483.0
4039.0,0.2546087157702961,0.38860103626943004,193.0
4040.0,1.1139433523068367,0.0,169.0
4041.0,0.31890025932633836,0.3769230769230769,390.0
4042.0,1.154650327535278,0.059665871121718374,419.0
4043.0,0.203784661895086,0.41724137931034483,290.0
4044.0,0.578084765013978,0.28709055876685935,519.0
4045.0,1.1387653233999675,0.07095343680709534,451.0
4046.0,1.1895369032972474,0.05263157894736842,456.0
4047.0,1.0518747639610238,0.11089108910891089,505.0
4048.0,0.9934416436276174,0.05357142857142857,168.0
4049.0,1.279354285266583,0.0,362.0
4050.0,0.4744301355971224,0.33468286099865047,741.0
4051.0,0.3634249396736285,0.3556231003039514,329.0
4052.0,0.5397675922055185,0.2598870056497175,177.0
4053.0,0.649220115517528,0.2631578947368421,551.0
4054.0,1.2477721687732242,0.0,313.0
4055.0,0.7938931005158315,0.11403508771929824,114.0
4056.0,1.4081206499958916,0.0,655.0
4057.0,0.9547051332885027,0.05185185185185185,135.0
4058.0,-0.5003076840390281,0.6872340425531915,470.0
4059.0,0.9706420499646498,0.08597285067873303,221.0
4060.0,0.38147445455307943,0.35698924731182796,465.0
4061.0,1.085862877768962,0.09780439121756487,501.0
4062.0,-0.16292710093922275,0.5593525179856115,556.0
4063.0,0.5303575838482943,0.29213483146067415,356.0
4064.0,1.2041199826559248,0.0,256.0
4065.0,1.2106036429752156,0.06108202443280977,573.0
4066.0,0.7434499270631897,0.20192307692307693,312.0
4067.0,1.1505149978319906,0.0,200.0
4068.0,0.8995250512832795,0.16981132075471697,530.0
4069.0,1.0467108425811176,0.0,124.0
4070.0,-0.8826085367736703,0.8465909090909091,352.0
4071.0,-0.042907458598249626,0.518348623853211,218.0
4072.0,1.0431672034902084,0.08536585365853659,328.0
4073.0,-0.7564242821827961,0.8111111111111111,270.0
4074.0,1.231462173637573,0.0634441087613293,662.0
4075.0,0.9677158533826504,0.12871287128712872,404.0
4076.0,0.9322956865765188,0.14678899082568808,436.0
4077.0,-1.042733104558091,0.8716744913928013,639.0
4078.0,0.7695485992793458,0.2340153452685422,782.0
4079.0,1.19183304933823,0.05473684210526316,475.0
4080.0,1.0023251735845309,0.15807962529274006,854.0
4081.0,1.1712403882570979,0.06994328922495274,529.0
4082.0,0.6059131982107697,0.2678132678132678,407.0
4083.0,1.2140673970143945,0.0,268.0
4084.0,0.7642663642508568,0.12264150943396226,106.0
4085.0,1.241436791804377,0.0,304.0
4086.0,0.08021828507562086,0.46308724832214765,149.0
4087.0,0.14577542927981485,0.446360153256705,522.0
4088.0,0.10109128632680763,0.4563106796116505,206.0
4089.0,1.3121410479178341,0.0,421.0
4090.0,0.786855722404787,0.12598425196850394,127.0
4091.0,0.4002206059642875,0.35517241379310344,580.0
4092.0,0.7408437294984319,0.1686046511627907,172.0
4093.0,1.0758131578075354,0.08585858585858586,396.0
4094.0,0.9856571872559636,0.1486697965571205,639.0
4095.0,1.36779944984909,0.0,544.0
4096.0,0.6985609217959824,0.1925133689839572,187.0
4097.0,0.9101167892634278,0.15659955257270694,447.0
4098.0,1.123914881430671,0.06510416666666667,384.0
4099.0,-0.4751339602846434,0.6698564593301436,627.0
4100.0,0.834587091841089,0.19966722129783693,601.0
4101.0,0.5185405928741588,0.2959770114942529,348.0
4102.0,1.0793628568709175,0.11326860841423948,618.0
4103.0,0.06615525681174629,0.4744897959183674,392.0
4104.0,1.1815308615740452,0.06896551724137931,551.0
4105.0,1.1488490844050274,0.053475935828877004,374.0
4106.0,0.9341763530894828,0.12418300653594772,306.0
4107.0,1.2214529851713234,0.057391304347826085,575.0
4108.0,1.1505149978319906,0.0,200.0
4109.0,1.205809852981615,0.0,258.0
4110.0,0.8273455603510365,0.14912280701754385,228.0
4111.0,1.066178244743669,0.07621951219512195,328.0
4112.0,0.9165453853531141,0.15711252653927812,471.0
4113.0,0.9225490200071285,0.0,70.0
4114.0,0.7829271880591027,0.17883211678832117,274.0
4115.0,-0.5013853008071755,0.706766917293233,266.0
4116.0,1.3604928720768696,0.0,526.0
4117.0,0.8585144981817796,0.17298578199052134,422.0
4118.0,0.32516968286587816,0.3708206686930091,329.0
4119.0,0.7788337671079846,0.1688888888888889,225.0
4120.0,0.7407216739065671,0.16352201257861634,159.0
4121.0,0.39941541953023874,0.3146853146853147,143.0
4122.0,1.0891892859971295,0.06707317073170732,328.0
4123.0,0.18632482777887716,0.41379310344827586,145.0
4124.0,1.109716147993666,0.06629834254143646,362.0
4125.0,0.7161946114524987,0.1965065502183406,229.0
4126.0,0.6924682285655648,0.23157894736842105,380.0
4127.0,1.3031906825553026,0.0,404.0
4128.0,0.2627459292046077,0.3917910447761194,268.0
4129.0,-0.6467367778884735,0.8045112781954887,133.0
4130.0,1.0072013057765608,0.117096018735363,427.0
4131.0,0.0783690172009804,0.4690265486725664,339.0
4132.0,0.6967437275470448,0.1780821917808219,146.0
4133.0,0.7517292462882011,0.19202898550724637,276.0
4134.0,0.3859410732385904,0.33163265306122447,196.0
4135.0,0.46867040763957224,0.24242424242424243,66.0
4136.0,0.7066980022576892,0.2033195020746888,241.0
4137.0,0.8874641209174166,0.09271523178807947,151.0
4138.0,-0.3432759863435845,0.6507936507936508,189.0
4139.0,0.8416431164538245,0.08928571428571429,112.0
4140.0,-0.8562379607638311,0.875,192.0
4141.0,-0.3375110274105061,0.68,75.0
4154.0,0.3010299956639812,0.0,4.0
4156.0,0.6393768004764144,0.0,19.0
4157.0,0.627636252551653,0.0,18.0
4159.0,0.23856062735983122,0.0,3.0
4166.0,1.0667694541851087,0.0,136.0
4168.0,0.4225490200071284,0.0,7.0
4170.0,0.731198998949478,0.0,29.0
4172.0,0.4506145183463479,0.18518518518518517,27.0
4173.0,0.1505149978319906,0.0,2.0
4175.0,0.6152244606891369,0.0,17.0
4177.0,0.4283635480455959,0.23076923076923078,39.0
4179.0,0.9818939136727777,0.0,92.0
4181.0,0.7592569699389438,0.0,33.0
4182.0,1.0085166696493901,0.0,104.0
4183.0,0.7519968899391525,0.16167664670658682,167.0
4184.0,0.5206963425791125,0.0,11.0
4186.0,0.737719001008406,0.11764705882352941,85.0
4187.0,0.8167342277897933,0.0,43.0
4189.0,0.93753063169585,0.0,75.0
4190.0,1.1034129380159248,0.0,161.0
4191.0,0.7478717434153859,0.18099547511312217,221.0
4193.0,0.2078662627127382,0.3684210526315789,38.0
4194.0,0.23856062735983122,0.0,3.0
4195.0,0.8580016718173996,0.0,52.0
4196.0,0.9093476506613911,0.05454545454545454,110.0
4197.0,0.6152244606891369,0.0,17.0
4198.0,-0.4403669307909718,0.7216494845360825,97.0
4199.0,0.9700358800413964,0.057692307692307696,156.0
4200.0,0.5206963425791125,0.0,11.0
4201.0,0.457305777968024,0.21052631578947367,38.0
4202.0,0.7590014789153919,0.057692307692307696,52.0
4203.0,0.752574989159953,0.0,32.0
4204.0,0.9404067961403957,0.0,76.0
4205.0,0.5880456295278407,0.0,15.0
4206.0,1.0174810112653745,0.05612244897959184,196.0
4207.0,0.026358543428775107,0.4857142857142857,70.0
4208.0,0.9030899869919435,0.0,64.0
4209.0,0.690105620855803,0.0,24.0
4210.0,0.7806693729992321,0.08860759493670886,79.0
4211.0,0.7738885401796952,0.08333333333333333,72.0
4212.0,0.9546909538110542,0.09174311926605505,218.0
4213.0,1.2266591700235188,0.0,284.0
4214.0,1.0937603604182315,0.0,154.0
4215.0,0.7139392467426598,0.05128205128205128,39.0
4216.0,0.7475468019078483,0.06,50.0
4217.0,0.8898525815633269,0.06896551724137931,116.0
4218.0,0.8406206186877936,0.0,48.0
4219.0,0.6505149978319906,0.0,20.0
4220.0,0.6712113404111031,0.0,22.0
4221.0,0.959539046188037,0.0,83.0
4222.0,0.5368028650643966,0.18867924528301888,53.0
4223.0,0.5705375985134894,0.24050632911392406,158.0
4224.0,-0.15924921706001466,0.5844155844155844,77.0
4225.0,0.3322510589034466,0.3090909090909091,55.0
4226.0,0.48979846660528314,0.15384615384615385,26.0
4227.0,0.8217263382430937,0.0,44.0
4228.0,0.3010299956639812,0.0,4.0
4229.0,-0.272942426657317,0.622093023255814,172.0
4230.0,1.1202746241412997,0.0,174.0
4231.0,0.7456808469171363,0.0,31.0
4232.0,0.34160182322279786,0.3018867924528302,53.0
4233.0,0.7235790156711096,0.0,28.0
4234.0,0.4546779858805078,0.25675675675675674,74.0
4235.0,0.5206963425791125,0.0,11.0
4236.0,0.1956710259286478,0.3829787234042553,47.0
4237.0,0.5939411344044604,0.18421052631578946,76.0
4238.0,0.6393768004764144,0.0,19.0
4239.0,0.8563904941463746,0.05,80.0
4240.0,0.9621396430309408,0.0,84.0
4241.0,-0.12027110434147366,0.5806451612903226,31.0
4242.0,0.70967274666449,0.06818181818181818,44.0
4243.0,0.573064017839119,0.0,14.0
4244.0,0.533445375115093,0.2,60.0
4245.0,0.9697596263093092,0.0,87.0
4246.0,0.3010299956639812,0.0,4.0
4247.0,0.88,0.06,100.0
4248.0,0.4225490200071284,0.0,7.0
4249.0,0.3570120137804726,0.30158730158730157,63.0
4251.0,0.5960343238204635,0.20388349514563106,103.0
4252.0,0.9346158598654881,0.0,74.0
4253.0,0.4988790305105716,0.18421052631578946,38.0
4254.0,0.6712113404111031,0.0,22.0
4255.0,0.3890756251918218,0.0,6.0
4256.0,0.3890756251918218,0.0,6.0
4257.0,0.9542425094393249,0.0,81.0
4258.0,0.16326615553509435,0.38461538461538464,26.0
4259.0,0.5395906230238124,0.0,12.0
4260.0,1.115224460689137,0.0,170.0
4261.0,0.3890756251918218,0.0,6.0
4262.0,0.5206963425791125,0.0,11.0
4263.0,1.0746095563276898,0.0,141.0
4264.0,0.25938375012788123,0.3333333333333333,36.0
4265.0,0.737719001008406,0.11764705882352941,85.0
4266.0,-0.14640078138119905,0.5849056603773585,53.0
4267.0,0.7905022040109719,0.05172413793103448,58.0
4268.0,0.8890756251918218,0.0,60.0
4269.0,0.4829170865193058,0.22950819672131148,61.0
4270.0,0.3809543629152202,0.23076923076923078,26.0
4271.0,1.086593134206137,0.0,149.0
4272.0,-0.1610545087749275,0.6060606060606061,33.0
4273.0,0.12203842552929144,0.4090909090909091,22.0
4274.0,0.959539046188037,0.0,83.0
4275.0,0.5624528018333536,0.08695652173913043,23.0
4276.0,-0.14940478877147165,0.5909090909090909,44.0
4277.0,0.9064566783214277,0.0,65.0
4278.0,0.40925835313192743,0.19047619047619047,21.0
4279.0,0.3010299956639812,0.0,4.0
4280.0,0.4225490200071284,0.0,7.0
4281.0,0.1505149978319906,0.0,2.0
4282.0,0.573064017839119,0.0,14.0
4283.0,0.45154499349597177,0.0,8.0
4284.0,0.47712125471966244,0.0,9.0
4285.0,0.24277493939697325,0.37349397590361444,83.0
4286.0,0.9064566783214277,0.0,65.0
4287.0,0.45154499349597177,0.0,8.0
4288.0,0.6393768004764144,0.0,19.0
4289.0,0.627636252551653,0.0,18.0
4290.0,0.9064566783214277,0.0,65.0
4291.0,-0.14771212547196622,0.6,30.0
4292.0,-0.08672863013701221,0.5483870967741935,62.0
4293.0,0.3395903644062765,0.33858267716535434,127.0
4294.0,0.6514141698131083,0.16666666666666666,90.0
4295.0,0.08894137542211267,0.44680851063829785,47.0
4296.0,0.6731427183573649,0.07692307692307693,39.0
4297.0,0.6020599913279624,0.0,16.0
4298.0,0.3890756251918218,0.0,6.0
4299.0,0.852850360522232,0.10144927536231885,138.0
4300.0,0.6649194977170942,0.12903225806451613,62.0
4301.0,0.5206963425791125,0.0,11.0
4302.0,0.09496909625462711,0.4418604651162791,43.0
4303.0,0.8403207433875713,0.11875,160.0
4304.0,0.49237375157322083,0.16666666666666666,30.0
4305.0,0.5206963425791125,0.0,11.0
4306.0,0.26250857687483803,0.36,75.0
4307.0,0.7385606273598312,0.0,30.0
4308.0,0.6152244606891369,0.0,17.0
4309.0,0.5880456295278407,0.0,15.0
4310.0,0.33335224451985795,0.34328358208955223,134.0
4311.0,0.8080562237573571,0.1804733727810651,338.0
4312.0,0.3890756251918218,0.0,6.0
4313.0,0.5,0.0,10.0
4314.0,0.47712125471966244,0.0,9.0
4315.0,0.47712125471966244,0.0,9.0
4316.0,0.5776498014742463,0.16,50.0
4317.0,0.5569716761534184,0.0,13.0
4318.0,0.2080809557654682,0.39325842696629215,89.0
4319.0,0.8632473243519302,0.06930693069306931,101.0
4320.0,0.5395906230238124,0.0,12.0
4321.0,0.06416273184529513,0.46296296296296297,54.0
4322.0,0.12451792559095769,0.425531914893617,47.0
4323.0,0.8167342277897933,0.0,43.0
4324.0,0.47712125471966244,0.0,9.0
4325.0,0.5569716761534184,0.0,13.0
4326.0,0.34948500216800943,0.0,5.0
4327.0,0.45154499349597177,0.0,8.0
4328.0,0.5491729148818115,0.09090909090909091,22.0
4329.0,0.47712125471966244,0.0,9.0
4330.0,0.8063919283598677,0.0,41.0
4331.0,0.3890756251918218,0.0,6.0
4332.0,0.8034108094361668,0.08888888888888889,90.0
4333.0,0.5569716761534184,0.0,13.0
4334.0,0.3608133130244208,0.25806451612903225,31.0
4335.0,0.1505149978319906,0.0,2.0
4336.0,0.8406206186877936,0.0,48.0
4337.0,0.4225490200071284,0.0,7.0
4662.0,0.3890756251918218,0.0,6.0
4663.0,0.3890756251918218,0.0,6.0
4665.0,0.23856062735983122,0.0,3.0
4666.0,0.45154499349597177,0.0,8.0
4669.0,0.1505149978319906,0.0,2.0
4671.0,0.1505149978319906,0.0,2.0
4911.0,0.4225490200071284,0.0,7.0
4922.0,0.1505149978319906,0.0,2.0
4943.0,0.1505149978319906,0.0,2.0
4948.0,0.23856062735983122,0.0,3.0
4949.0,0.23856062735983122,0.0,3.0
4964.0,0.1505149978319906,0.0,2.0
4980.0,1.0488643417213739,0.10706638115631692,467.0
5944.0,-0.6618311628755963,0.7340267459138187,673.0
5967.0,0.5928755844001096,0.28923076923076924,650.0
5977.0,-0.38876546680861385,0.7037037037037037,81.0
5984.0,0.6533840328087119,0.2222222222222222,225.0
5985.0,0.6684359802586579,0.25201612903225806,496.0
5988.0,-0.11803127557297872,0.5456919060052219,383.0
6010.0,-0.5038858203261429,0.6985507246376812,345.0
6012.0,0.9035071083813108,0.13240418118466898,287.0
6013.0,0.4820236497140067,0.3103448275862069,348.0
6018.0,0.5729266660746,0.28125,416.0
6034.0,-0.23819974803091418,0.5895196506550219,458.0
6042.0,-0.5760327536309177,0.7444933920704846,227.0
6142.0,0.23856062735983122,0.0,3.0
6432.0,0.7976122696311144,0.19770114942528735,435.0
6463.0,0.8413758234140193,0.19769357495881384,607.0
6467.0,-0.40374320376555717,0.6463414634146342,574.0
6468.0,0.7923364834546682,0.22126436781609196,696.0
6473.0,0.057451632931318865,0.4796380090497738,663.0
6480.0,0.3775579949783657,0.36423841059602646,604.0
6491.0,0.3528850210356615,0.3711151736745887,547.0
6497.0,0.40971467829150726,0.33903133903133903,351.0
6512.0,0.9517362846006557,0.09829059829059829,234.0
6527.0,0.5828615405661551,0.22556390977443608,133.0
6531.0,0.20969876415505112,0.4209354120267261,449.0
6552.0,0.23150387849801185,0.4090909090909091,352.0
6559.0,0.922466319393845,0.15011547344110854,433.0
6572.0,-0.1410232505348839,0.551923076923077,520.0
6594.0,0.9568344458688244,0.13539192399049882,421.0
6596.0,0.5444588778746189,0.29464285714285715,448.0
6599.0,1.039385053445577,0.12664473684210525,608.0
6600.0,-0.8986960288716215,0.8589341692789969,319.0
6614.0,0.3489533154279388,0.3724770642201835,545.0
6620.0,0.6619325714252683,0.21287128712871287,202.0
6622.0,0.6636627872999586,0.2248062015503876,258.0
6642.0,-0.056853145913525985,0.5212765957446809,470.0
6654.0,0.2836025624231841,0.38992042440318303,377.0
6753.0,0.7132782340082521,0.23948811700182815,547.0
6766.0,0.1888193968632143,0.4140127388535032,157.0
6767.0,0.594333364572197,0.25555555555555554,270.0
6769.0,0.5848687683822281,0.22627737226277372,137.0
6770.0,0.9314846114372606,0.13746630727762804,371.0
6771.0,0.2697575595514559,0.3886792452830189,265.0
6928.0,0.4470772029239763,0.3302325581395349,430.0
7109.0,-0.31176932425230536,0.625,312.0
7111.0,-0.18099315647686143,0.5723270440251572,318.0
7115.0,0.9366501701959138,0.12121212121212122,297.0
7121.0,0.27749355309634316,0.39276485788113696,387.0
7125.0,0.8217825851127984,0.1348314606741573,178.0
7127.0,0.17641798294319702,0.4298780487804878,328.0
7138.0,0.16792962125289346,0.4188034188034188,117.0
7143.0,0.6108155451835016,0.26216216216216215,370.0
7153.0,0.2433299790714015,0.40749414519906324,427.0
7239.0,0.6252680048819299,0.26877470355731226,506.0
7240.0,-0.1864348838041367,0.5698924731182796,465.0
8154.0,-0.33533338838508164,0.6354515050167224,299.0
8899.0,0.41487827695761326,0.3414043583535109,413.0
8900.0,0.7093552885107786,0.23094688221709006,433.0
8903.0,1.0293121430561998,0.08070175438596491,285.0
8904.0,-0.522678263638334,0.7020725388601037,386.0
9077.0,0.8883930881079172,0.14093959731543623,298.0
9079.0,-0.7362794923904251,0.7743271221532091,483.0
11723.0,0.9239596898796485,0.15034168564920272,439.0
11724.0,0.5774558198737122,0.27586206896551724,377.0
11726.0,0.3441349354384042,0.37160751565762007,479.0
11728.0,0.610894302452992,0.27416173570019725,507.0
11729.0,-0.15651285533425688,0.5724137931034483,145.0
11784.0,0.2981369086012314,0.38865546218487396,476.0
11785.0,0.815019557304233,0.18351063829787234,376.0
11786.0,-0.24088611469937832,0.5896907216494846,485.0
11840.0,0.38265372698493877,0.3512064343163539,373.0
11845.0,-0.23737400325108882,0.5917312661498708,387.0
11850.0,0.6528944790962697,0.11764705882352941,51.0
11855.0,-0.3567658727856632,0.6405797101449275,345.0
11868.0,0.5842710905624323,0.27011494252873564,348.0
11918.0,0.06652725528627992,0.4727272727272727,275.0
11927.0,1.0453565272766678,0.09585492227979274,386.0
11934.0,-0.2081647993062369,0.58,400.0
11943.0,-0.2627459292046078,0.6082089552238806,268.0
11946.0,0.5188811711567055,0.29429429429429427,333.0
11947.0,0.020560489528247083,0.4906832298136646,161.0
11971.0,0.7261244397470796,0.2134502923976608,342.0
11972.0,-0.03632638986861645,0.5154185022026432,227.0
11980.0,0.3433252200113421,0.35564853556485354,239.0
11985.0,-0.5656357886323208,0.7191601049868767,381.0
11987.0,0.4661247015018562,0.30416666666666664,240.0
11989.0,0.23424226808222057,0.4,220.0
12015.0,0.22406305602409426,0.4020618556701031,194.0
12024.0,-0.193413616943157,0.579136690647482,278.0
12026.0,0.667618017700775,0.23796033994334279,353.0
12040.0,0.4827523550052855,0.29838709677419356,248.0
12043.0,-0.19549053932183305,0.5773809523809523,336.0
12051.0,0.8560407884877793,0.15772870662460567,317.0
12055.0,0.5673646521506994,0.276657060518732,347.0
12075.0,0.6208987329629326,0.22527472527472528,182.0
12076.0,1.1113582355737917,0.0,167.0
12077.0,0.5294364647474485,0.28076923076923077,260.0
12094.0,-0.1561642722462023,0.5641025641025641,273.0
12105.0,0.33172346229072663,0.3522727272727273,176.0
12107.0,0.6453608019745724,0.24307692307692308,325.0
12113.0,0.5291866385279012,0.2852233676975945,291.0
12114.0,-0.7580087900312793,0.8402366863905325,169.0
12117.0,-0.6152106749990514,0.7771084337349398,166.0
12130.0,0.5222305243108383,0.29073482428115016,313.0
12140.0,-0.11363744004345266,0.551948051948052,154.0
12144.0,-0.631783659050243,0.7580071174377224,281.0
12191.0,-0.8885693900742575,0.858085808580858,303.0
12203.0,-0.010268381895728606,0.5043478260869565,230.0
12210.0,0.036261531253759714,0.4854368932038835,309.0
12226.0,0.2638556801103276,0.38421052631578945,190.0
12231.0,0.7492082156683523,0.171875,192.0
12239.0,-0.5284033768778471,0.7174721189591078,269.0
12255.0,-0.45051675911420636,0.7017543859649122,171.0
12270.0,0.41984920873002807,0.31176470588235294,170.0
12273.0,0.8366954426658676,0.14220183486238533,218.0
12285.0,-0.2045145068119426,0.5968992248062015,129.0
12291.0,0.8669893818491502,0.13765182186234817,247.0
12292.0,-0.17693099388448896,0.5761904761904761,210.0
12320.0,-0.22366981909300737,0.6026490066225165,151.0
12351.0,0.5794246291618826,0.22033898305084745,118.0
12352.0,0.7287993989917255,0.15942028985507245,138.0
12362.0,-0.11489921454145348,0.5555555555555556,117.0
12367.0,0.2909182700911702,0.3557692307692308,104.0
12370.0,0.16478451957201723,0.4260355029585799,169.0
12406.0,0.6022690245782367,0.22641509433962265,159.0
12412.0,0.6854397681882486,0.18543046357615894,151.0
12425.0,0.30557271755735854,0.3586206896551724,145.0
12427.0,-0.5595030041281652,0.7757009345794392,107.0
12449.0,-0.09992859680671506,0.5486725663716814,113.0
12451.0,0.7078049103823275,0.1565217391304348,115.0
12453.0,-0.3894374745601426,0.7023809523809523,84.0
12470.0,-0.7001757996525793,0.8658536585365854,82.0
12575.0,-0.4058293634121536,0.7321428571428571,56.0
